Workbook

Sheet Dashboard
A1: Operations Dashboard
A2: Yellow cells are inputs. Everything else recalculates from Projects, ClientService and Inventory.
A3: Project category filter: | C3: All | D3: =IF($C$3="All","*",$C$3) | E3: <- criteria helper
A5: KPI | B5: Value
A6: Projects (filtered) | B6: =COUNTIFS(Projects!$C$2:$C$200,$D$3,Projects!$A$2:$A$200,"<>")
A7: Budget (filtered) | B7: =SUMIFS(Projects!$I$2:$I$200,Projects!$C$2:$C$200,$D$3)
A8: Actual cost (filtered) | B8: =SUMIFS(Projects!$J$2:$J$200,Projects!$C$2:$C$200,$D$3)
A9: Cost variance (filtered) | B9: =B8-B7
A10: Projects late or over budget | B10: =COUNTIFS(Projects!$C$2:$C$200,$D$3,Projects!$M$2:$M$200,"<>On track",Projects!$A$2:$A$200,"<>")
A11: Open service tickets | B11: =COUNTIFS(ClientService!$D$2:$D$200,"Open")+COUNTIFS(ClientService!$D$2:$D$200,"Waiting Client")
A12: Late tickets | B12: =COUNTIFS(ClientService!$L$2:$L$200,">0")
A13: Billable cost, all tickets | B13: =SUM(ClientService!$K$2:$K$200)
A14: Stock value (active) | B14: =SUMIFS(Inventory!$J$2:$J$200,Inventory!$D$2:$D$200,"<>Discontinued")
A15: SKUs to reorder / overdue | B15: =COUNTIFS(Inventory!$L$2:$L$200,"Reorder now")+COUNTIFS(Inventory!$L$2:$L$200,"Restock overdue")
A18: Filtered view: status breakdown
A19: Status | B19: Projects | C19: Budget
A20: Planned | B20: =COUNTIFS(Projects!$C$2:$C$200,$D$3,Projects!$D$2:$D$200,$A20) | C20: =SUMIFS(Projects!$I$2:$I$200,Projects!$C$2:$C$200,$D$3,Projects!$D$2:$D$200,$A20)
A21: In Progress | B21: =COUNTIFS(Projects!$C$2:$C$200,$D$3,Projects!$D$2:$D$200,$A21) | C21: =SUMIFS(Projects!$I$2:$I$200,Projects!$C$2:$C$200,$D$3,Projects!$D$2:$D$200,$A21)
A22: Done | B22: =COUNTIFS(Projects!$C$2:$C$200,$D$3,Projects!$D$2:$D$200,$A22) | C22: =SUMIFS(Projects!$I$2:$I$200,Projects!$C$2:$C$200,$D$3,Projects!$D$2:$D$200,$A22)
A23: On Hold | B23: =COUNTIFS(Projects!$C$2:$C$200,$D$3,Projects!$D$2:$D$200,$A23) | C23: =SUMIFS(Projects!$I$2:$I$200,Projects!$C$2:$C$200,$D$3,Projects!$D$2:$D$200,$A23)
A26: Budget vs actual by category
A27: Category | B27: Budget | C27: Actual
A28: Website | B28: =SUMIFS(Projects!$I$2:$I$200,Projects!$C$2:$C$200,$A28) | C28: =SUMIFS(Projects!$J$2:$J$200,Projects!$C$2:$C$200,$A28)
A29: Marketing | B29: =SUMIFS(Projects!$I$2:$I$200,Projects!$C$2:$C$200,$A29) | C29: =SUMIFS(Projects!$J$2:$J$200,Projects!$C$2:$C$200,$A29)
A30: Operations | B30: =SUMIFS(Projects!$I$2:$I$200,Projects!$C$2:$C$200,$A30) | C30: =SUMIFS(Projects!$J$2:$J$200,Projects!$C$2:$C$200,$A30)
A31: Finance | B31: =SUMIFS(Projects!$I$2:$I$200,Projects!$C$2:$C$200,$A31) | C31: =SUMIFS(Projects!$J$2:$J$200,Projects!$C$2:$C$200,$A31)
A32: IT | B32: =SUMIFS(Projects!$I$2:$I$200,Projects!$C$2:$C$200,$A32) | C32: =SUMIFS(Projects!$J$2:$J$200,Projects!$C$2:$C$200,$A32)
A35: Inventory flags
A36: Flag | B36: SKUs
A37: OK | B37: =COUNTIFS(Inventory!$L$2:$L$200,$A37)
A38: Reorder now | B38: =COUNTIFS(Inventory!$L$2:$L$200,$A38)
A39: Restock overdue | B39: =COUNTIFS(Inventory!$L$2:$L$200,$A39)
A40: Retire | B40: =COUNTIFS(Inventory!$L$2:$L$200,$A40)

Sheet Projects
A1: ID | B1: Project | C1: Category | D1: Status | E1: Owner | F1: Start | G1: Planned End | H1: Actual End | I1: Budget | J1: Actual Cost | K1: Cost Variance | L1: Slippage (days) | M1: Performance Flag
A2: P-01 | B2: Website redesign | C2: Website | D2: In Progress | E2: Ana | F2: 46209 | G2: 46269 | I2: 12000 | J2: 11200 | K2: =IF(I2="","",J2-I2) | L2: =IF(G2="","",IF(H2<>"",MAX(0,H2-G2),IF(AND(D2<>"Planned",TODAY()>G2),TODAY()-G2,0))) | M2: =IF(B2="","",IF(AND(K2>0.1*I2,L2>0),"Over budget + late",IF(K2>0.1*I2,"Over budget",IF(L2>0,"Late","On track"))))
A3: P-02 | B3: Q3 email campaign | C3: Marketing | D3: Done | E3: Ben | F3: 46204 | G3: 46249 | H3: 46254 | I3: 4500 | J3: 4900 | K3: =IF(I3="","",J3-I3) | L3: =IF(G3="","",IF(H3<>"",MAX(0,H3-G3),IF(AND(D3<>"Planned",TODAY()>G3),TODAY()-G3,0))) | M3: =IF(B3="","",IF(AND(K3>0.1*I3,L3>0),"Over budget + late",IF(K3>0.1*I3,"Over budget",IF(L3>0,"Late","On track"))))
A4: P-03 | B4: Warehouse re-layout | C4: Operations | D4: Done | E4: Cy | F4: 46174 | G4: 46234 | H4: 46231 | I4: 8000 | J4: 7300 | K4: =IF(I4="","",J4-I4) | L4: =IF(G4="","",IF(H4<>"",MAX(0,H4-G4),IF(AND(D4<>"Planned",TODAY()>G4),TODAY()-G4,0))) | M4: =IF(B4="","",IF(AND(K4>0.1*I4,L4>0),"Over budget + late",IF(K4>0.1*I4,"Over budget",IF(L4>0,"Late","On track"))))
A5: P-04 | B5: Budget model v2 | C5: Finance | D5: In Progress | E5: Dee | F5: 46237 | G5: 46295 | I5: 3000 | J5: 3400 | K5: =IF(I5="","",J5-I5) | L5: =IF(G5="","",IF(H5<>"",MAX(0,H5-G5),IF(AND(D5<>"Planned",TODAY()>G5),TODAY()-G5,0))) | M5: =IF(B5="","",IF(AND(K5>0.1*I5,L5>0),"Over budget + late",IF(K5>0.1*I5,"Over budget",IF(L5>0,"Late","On track"))))
A6: P-05 | B6: CRM migration | C6: IT | D6: In Progress | E6: Eli | F6: 46188 | G6: 46280 | I6: 20000 | J6: 23500 | K6: =IF(I6="","",J6-I6) | L6: =IF(G6="","",IF(H6<>"",MAX(0,H6-G6),IF(AND(D6<>"Planned",TODAY()>G6),TODAY()-G6,0))) | M6: =IF(B6="","",IF(AND(K6>0.1*I6,L6>0),"Over budget + late",IF(K6>0.1*I6,"Over budget",IF(L6>0,"Late","On track"))))
A7: P-06 | B7: Landing page A/B tests | C7: Website | D7: Planned | E7: Ana | F7: 46300 | G7: 46341 | I7: 2500 | J7: 0 | K7: =IF(I7="","",J7-I7) | L7: =IF(G7="","",IF(H7<>"",MAX(0,H7-G7),IF(AND(D7<>"Planned",TODAY()>G7),TODAY()-G7,0))) | M7: =IF(B7="","",IF(AND(K7>0.1*I7,L7>0),"Over budget + late",IF(K7>0.1*I7,"Over budget",IF(L7>0,"Late","On track"))))
A8: P-07 | B8: Trade show booth | C8: Marketing | D8: On Hold | E8: Ben | F8: 46244 | G8: 46305 | I8: 9000 | J8: 1200 | K8: =IF(I8="","",J8-I8) | L8: =IF(G8="","",IF(H8<>"",MAX(0,H8-G8),IF(AND(D8<>"Planned",TODAY()>G8),TODAY()-G8,0))) | M8: =IF(B8="","",IF(AND(K8>0.1*I8,L8>0),"Over budget + late",IF(K8>0.1*I8,"Over budget",IF(L8>0,"Late","On track"))))
A9: P-08 | B9: Supplier audit | C9: Operations | D9: Done | E9: Cy | F9: 46213 | G9: 46264 | H9: 46263 | I9: 2200 | J9: 2100 | K9: =IF(I9="","",J9-I9) | L9: =IF(G9="","",IF(H9<>"",MAX(0,H9-G9),IF(AND(D9<>"Planned",TODAY()>G9),TODAY()-G9,0))) | M9: =IF(B9="","",IF(AND(K9>0.1*I9,L9>0),"Over budget + late",IF(K9>0.1*I9,"Over budget",IF(L9>0,"Late","On track"))))
A10: P-09 | B10: Invoice automation | C10: Finance | D10: Done | E10: Dee | F10: 46174 | G10: 46218 | H10: 46236 | I10: 5000 | J10: 5100 | K10: =IF(I10="","",J10-I10) | L10: =IF(G10="","",IF(H10<>"",MAX(0,H10-G10),IF(AND(D10<>"Planned",TODAY()>G10),TODAY()-G10,0))) | M10: =IF(B10="","",IF(AND(K10>0.1*I10,L10>0),"Over budget + late",IF(K10>0.1*I10,"Over budget",IF(L10>0,"Late","On track"))))
A11: P-10 | B11: Backup & DR plan | C11: IT | D11: In Progress | E11: Eli | F11: 46266 | G11: 46356 | I11: 6000 | J11: 1800 | K11: =IF(I11="","",J11-I11) | L11: =IF(G11="","",IF(H11<>"",MAX(0,H11-G11),IF(AND(D11<>"Planned",TODAY()>G11),TODAY()-G11,0))) | M11: =IF(B11="","",IF(AND(K11>0.1*I11,L11>0),"Over budget + late",IF(K11>0.1*I11,"Over budget",IF(L11>0,"Late","On track"))))
A12: P-11 | B12: Product photo refresh | C12: Website | D12: Done | E12: Ana | F12: 46235 | G12: 46265 | H12: 46264 | I12: 1800 | J12: 1650 | K12: =IF(I12="","",J12-I12) | L12: =IF(G12="","",IF(H12<>"",MAX(0,H12-G12),IF(AND(D12<>"Planned",TODAY()>G12),TODAY()-G12,0))) | M12: =IF(B12="","",IF(AND(K12>0.1*I12,L12>0),"Over budget + late",IF(K12>0.1*I12,"Over budget",IF(L12>0,"Late","On track"))))
A13: P-12 | B13: Loyalty program pilot | C13: Marketing | D13: In Progress | E13: Ben | F13: 46266 | G13: 46326 | I13: 7000 | J13: 3100 | K13: =IF(I13="","",J13-I13) | L13: =IF(G13="","",IF(H13<>"",MAX(0,H13-G13),IF(AND(D13<>"Planned",TODAY()>G13),TODAY()-G13,0))) | M13: =IF(B13="","",IF(AND(K13>0.1*I13,L13>0),"Over budget + late",IF(K13>0.1*I13,"Over budget",IF(L13>0,"Late","On track"))))
K14: =IF(I14="","",J14-I14) | L14: =IF(G14="","",IF(H14<>"",MAX(0,H14-G14),IF(AND(D14<>"Planned",TODAY()>G14),TODAY()-G14,0))) | M14: =IF(B14="","",IF(AND(K14>0.1*I14,L14>0),"Over budget + late",IF(K14>0.1*I14,"Over budget",IF(L14>0,"Late","On track"))))
K15: =IF(I15="","",J15-I15) | L15: =IF(G15="","",IF(H15<>"",MAX(0,H15-G15),IF(AND(D15<>"Planned",TODAY()>G15),TODAY()-G15,0))) | M15: =IF(B15="","",IF(AND(K15>0.1*I15,L15>0),"Over budget + late",IF(K15>0.1*I15,"Over budget",IF(L15>0,"Late","On track"))))
K16: =IF(I16="","",J16-I16) | L16: =IF(G16="","",IF(H16<>"",MAX(0,H16-G16),IF(AND(D16<>"Planned",TODAY()>G16),TODAY()-G16,0))) | M16: =IF(B16="","",IF(AND(K16>0.1*I16,L16>0),"Over budget + late",IF(K16>0.1*I16,"Over budget",IF(L16>0,"Late","On track"))))
K17: =IF(I17="","",J17-I17) | L17: =IF(G17="","",IF(H17<>"",MAX(0,H17-G17),IF(AND(D17<>"Planned",TODAY()>G17),TODAY()-G17,0))) | M17: =IF(B17="","",IF(AND(K17>0.1*I17,L17>0),"Over budget + late",IF(K17>0.1*I17,"Over budget",IF(L17>0,"Late","On track"))))
K18: =IF(I18="","",J18-I18) | L18: =IF(G18="","",IF(H18<>"",MAX(0,H18-G18),IF(AND(D18<>"Planned",TODAY()>G18),TODAY()-G18,0))) | M18: =IF(B18="","",IF(AND(K18>0.1*I18,L18>0),"Over budget + late",IF(K18>0.1*I18,"Over budget",IF(L18>0,"Late","On track"))))
K19: =IF(I19="","",J19-I19) | L19: =IF(G19="","",IF(H19<>"",MAX(0,H19-G19),IF(AND(D19<>"Planned",TODAY()>G19),TODAY()-G19,0))) | M19: =IF(B19="","",IF(AND(K19>0.1*I19,L19>0),"Over budget + late",IF(K19>0.1*I19,"Over budget",IF(L19>0,"Late","On track"))))
K20: =IF(I20="","",J20-I20) | L20: =IF(G20="","",IF(H20<>"",MAX(0,H20-G20),IF(AND(D20<>"Planned",TODAY()>G20),TODAY()-G20,0))) | M20: =IF(B20="","",IF(AND(K20>0.1*I20,L20>0),"Over budget + late",IF(K20>0.1*I20,"Over budget",IF(L20>0,"Late","On track"))))
K21: =IF(I21="","",J21-I21) | L21: =IF(G21="","",IF(H21<>"",MAX(0,H21-G21),IF(AND(D21<>"Planned",TODAY()>G21),TODAY()-G21,0))) | M21: =IF(B21="","",IF(AND(K21>0.1*I21,L21>0),"Over budget + late",IF(K21>0.1*I21,"Over budget",IF(L21>0,"Late","On track"))))
K22: =IF(I22="","",J22-I22) | L22: =IF(G22="","",IF(H22<>"",MAX(0,H22-G22),IF(AND(D22<>"Planned",TODAY()>G22),TODAY()-G22,0))) | M22: =IF(B22="","",IF(AND(K22>0.1*I22,L22>0),"Over budget + late",IF(K22>0.1*I22,"Over budget",IF(L22>0,"Late","On track"))))
K23: =IF(I23="","",J23-I23) | L23: =IF(G23="","",IF(H23<>"",MAX(0,H23-G23),IF(AND(D23<>"Planned",TODAY()>G23),TODAY()-G23,0))) | M23: =IF(B23="","",IF(AND(K23>0.1*I23,L23>0),"Over budget + late",IF(K23>0.1*I23,"Over budget",IF(L23>0,"Late","On track"))))
K24: =IF(I24="","",J24-I24) | L24: =IF(G24="","",IF(H24<>"",MAX(0,H24-G24),IF(AND(D24<>"Planned",TODAY()>G24),TODAY()-G24,0))) | M24: =IF(B24="","",IF(AND(K24>0.1*I24,L24>0),"Over budget + late",IF(K24>0.1*I24,"Over budget",IF(L24>0,"Late","On track"))))
K25: =IF(I25="","",J25-I25) | L25: =IF(G25="","",IF(H25<>"",MAX(0,H25-G25),IF(AND(D25<>"Planned",TODAY()>G25),TODAY()-G25,0))) | M25: =IF(B25="","",IF(AND(K25>0.1*I25,L25>0),"Over budget + late",IF(K25>0.1*I25,"Over budget",IF(L25>0,"Late","On track"))))
... K200: =IF(I200="","",J200-I200) | L200: =IF(G200="","",IF(H200<>"",MAX(0,H200-G200),IF(AND(D200<>"Planned",TODAY()>G200),TODAY()-G200,0))) | M200: =IF(B200="","",IF(AND(K200>0.1*I200,L200>0),"Over budget + late",IF(K200>0.1*I200,"Over budget",IF(L200>0,"Late","On track"))))

Sheet ClientService
A1: Ticket | B1: Client | C1: Type | D1: Status | E1: Opened | F1: Due | G1: Closed | H1: Est. Hours | I1: Actual Hours | J1: Rate / hr | K1: Cost | L1: Slippage (days) | M1: Performance Flag
A2: T-101 | B2: Northwind Foods | C2: Onboarding | D2: Closed | E2: 46237 | F2: 46244 | G2: 46243 | H2: 6 | I2: 5.5 | J2: 60 | K2: =IF(I2="","",I2*J2) | L2: =IF(F2="","",IF(G2<>"",MAX(0,G2-F2),IF(TODAY()>F2,TODAY()-F2,0))) | M2: =IF(B2="","",IF(AND(I2>1.25*H2,L2>0),"Over hours + late",IF(I2>1.25*H2,"Over hours",IF(L2>0,"Late","On track"))))
A3: T-102 | B3: Blue Harbor Dental | C3: Support | D3: Resolved | E3: 46246 | F3: 46248 | G3: 46251 | H3: 2 | I3: 4 | J3: 60 | K3: =IF(I3="","",I3*J3) | L3: =IF(F3="","",IF(G3<>"",MAX(0,G3-F3),IF(TODAY()>F3,TODAY()-F3,0))) | M3: =IF(B3="","",IF(AND(I3>1.25*H3,L3>0),"Over hours + late",IF(I3>1.25*H3,"Over hours",IF(L3>0,"Late","On track"))))
A4: T-103 | B4: Kestrel Logistics | C4: Billing | D4: Closed | E4: 46249 | F4: 46254 | G4: 46253 | H4: 1.5 | I4: 1 | J4: 60 | K4: =IF(I4="","",I4*J4) | L4: =IF(F4="","",IF(G4<>"",MAX(0,G4-F4),IF(TODAY()>F4,TODAY()-F4,0))) | M4: =IF(B4="","",IF(AND(I4>1.25*H4,L4>0),"Over hours + late",IF(I4>1.25*H4,"Over hours",IF(L4>0,"Late","On track"))))
A5: T-104 | B5: Northwind Foods | C5: Change Request | D5: Open | E5: 46266 | F5: 46277 | H5: 10 | I5: 7 | J5: 75 | K5: =IF(I5="","",I5*J5) | L5: =IF(F5="","",IF(G5<>"",MAX(0,G5-F5),IF(TODAY()>F5,TODAY()-F5,0))) | M5: =IF(B5="","",IF(AND(I5>1.25*H5,L5>0),"Over hours + late",IF(I5>1.25*H5,"Over hours",IF(L5>0,"Late","On track"))))
A6: T-105 | B6: Alder & Finch LLP | C6: Support | D6: Waiting Client | E6: 46268 | F6: 46273 | H6: 3 | I6: 3.5 | J6: 60 | K6: =IF(I6="","",I6*J6) | L6: =IF(F6="","",IF(G6<>"",MAX(0,G6-F6),IF(TODAY()>F6,TODAY()-F6,0))) | M6: =IF(B6="","",IF(AND(I6>1.25*H6,L6>0),"Over hours + late",IF(I6>1.25*H6,"Over hours",IF(L6>0,"Late","On track"))))
A7: T-106 | B7: Blue Harbor Dental | C7: Onboarding | D7: Resolved | E7: 46270 | F7: 46280 | G7: 46279 | H7: 8 | I7: 8 | J7: 60 | K7: =IF(I7="","",I7*J7) | L7: =IF(F7="","",IF(G7<>"",MAX(0,G7-F7),IF(TODAY()>F7,TODAY()-F7,0))) | M7: =IF(B7="","",IF(AND(I7>1.25*H7,L7>0),"Over hours + late",IF(I7>1.25*H7,"Over hours",IF(L7>0,"Late","On track"))))
A8: T-107 | B8: Kestrel Logistics | C8: Change Request | D8: Open | E8: 46275 | F8: 46300 | H8: 12 | I8: 4 | J8: 75 | K8: =IF(I8="","",I8*J8) | L8: =IF(F8="","",IF(G8<>"",MAX(0,G8-F8),IF(TODAY()>F8,TODAY()-F8,0))) | M8: =IF(B8="","",IF(AND(I8>1.25*H8,L8>0),"Over hours + late",IF(I8>1.25*H8,"Over hours",IF(L8>0,"Late","On track"))))
A9: T-108 | B9: Maple Street Bakery | C9: Support | D9: Closed | E9: 46276 | F9: 46278 | G9: 46278 | H9: 1 | I9: 1 | J9: 60 | K9: =IF(I9="","",I9*J9) | L9: =IF(F9="","",IF(G9<>"",MAX(0,G9-F9),IF(TODAY()>F9,TODAY()-F9,0))) | M9: =IF(B9="","",IF(AND(I9>1.25*H9,L9>0),"Over hours + late",IF(I9>1.25*H9,"Over hours",IF(L9>0,"Late","On track"))))
A10: T-109 | B10: Alder & Finch LLP | C10: Billing | D10: Open | E10: 46279 | F10: 46286 | H10: 2 | I10: 2.5 | J10: 60 | K10: =IF(I10="","",I10*J10) | L10: =IF(F10="","",IF(G10<>"",MAX(0,G10-F10),IF(TODAY()>F10,TODAY()-F10,0))) | M10: =IF(B10="","",IF(AND(I10>1.25*H10,L10>0),"Over hours + late",IF(I10>1.25*H10,"Over hours",IF(L10>0,"Late","On track"))))
A11: T-110 | B11: Maple Street Bakery | C11: Onboarding | D11: Open | E11: 46283 | F11: 46295 | H11: 6 | I11: 2 | J11: 60 | K11: =IF(I11="","",I11*J11) | L11: =IF(F11="","",IF(G11<>"",MAX(0,G11-F11),IF(TODAY()>F11,TODAY()-F11,0))) | M11: =IF(B11="","",IF(AND(I11>1.25*H11,L11>0),"Over hours + late",IF(I11>1.25*H11,"Over hours",IF(L11>0,"Late","On track"))))
A12: T-111 | B12: Northwind Foods | C12: Support | D12: Resolved | E12: 46284 | F12: 46287 | G12: 46287 | H12: 2 | I12: 1.5 | J12: 60 | K12: =IF(I12="","",I12*J12) | L12: =IF(F12="","",IF(G12<>"",MAX(0,G12-F12),IF(TODAY()>F12,TODAY()-F12,0))) | M12: =IF(B12="","",IF(AND(I12>1.25*H12,L12>0),"Over hours + late",IF(I12>1.25*H12,"Over hours",IF(L12>0,"Late","On track"))))
A13: T-112 | B13: Kestrel Logistics | C13: Support | D13: Waiting Client | E13: 46285 | F13: 46289 | H13: 2 | I13: 1 | J13: 60 | K13: =IF(I13="","",I13*J13) | L13: =IF(F13="","",IF(G13<>"",MAX(0,G13-F13),IF(TODAY()>F13,TODAY()-F13,0))) | M13: =IF(B13="","",IF(AND(I13>1.25*H13,L13>0),"Over hours + late",IF(I13>1.25*H13,"Over hours",IF(L13>0,"Late","On track"))))
K14: =IF(I14="","",I14*J14) | L14: =IF(F14="","",IF(G14<>"",MAX(0,G14-F14),IF(TODAY()>F14,TODAY()-F14,0))) | M14: =IF(B14="","",IF(AND(I14>1.25*H14,L14>0),"Over hours + late",IF(I14>1.25*H14,"Over hours",IF(L14>0,"Late","On track"))))
K15: =IF(I15="","",I15*J15) | L15: =IF(F15="","",IF(G15<>"",MAX(0,G15-F15),IF(TODAY()>F15,TODAY()-F15,0))) | M15: =IF(B15="","",IF(AND(I15>1.25*H15,L15>0),"Over hours + late",IF(I15>1.25*H15,"Over hours",IF(L15>0,"Late","On track"))))
K16: =IF(I16="","",I16*J16) | L16: =IF(F16="","",IF(G16<>"",MAX(0,G16-F16),IF(TODAY()>F16,TODAY()-F16,0))) | M16: =IF(B16="","",IF(AND(I16>1.25*H16,L16>0),"Over hours + late",IF(I16>1.25*H16,"Over hours",IF(L16>0,"Late","On track"))))
K17: =IF(I17="","",I17*J17) | L17: =IF(F17="","",IF(G17<>"",MAX(0,G17-F17),IF(TODAY()>F17,TODAY()-F17,0))) | M17: =IF(B17="","",IF(AND(I17>1.25*H17,L17>0),"Over hours + late",IF(I17>1.25*H17,"Over hours",IF(L17>0,"Late","On track"))))
K18: =IF(I18="","",I18*J18) | L18: =IF(F18="","",IF(G18<>"",MAX(0,G18-F18),IF(TODAY()>F18,TODAY()-F18,0))) | M18: =IF(B18="","",IF(AND(I18>1.25*H18,L18>0),"Over hours + late",IF(I18>1.25*H18,"Over hours",IF(L18>0,"Late","On track"))))
K19: =IF(I19="","",I19*J19) | L19: =IF(F19="","",IF(G19<>"",MAX(0,G19-F19),IF(TODAY()>F19,TODAY()-F19,0))) | M19: =IF(B19="","",IF(AND(I19>1.25*H19,L19>0),"Over hours + late",IF(I19>1.25*H19,"Over hours",IF(L19>0,"Late","On track"))))
K20: =IF(I20="","",I20*J20) | L20: =IF(F20="","",IF(G20<>"",MAX(0,G20-F20),IF(TODAY()>F20,TODAY()-F20,0))) | M20: =IF(B20="","",IF(AND(I20>1.25*H20,L20>0),"Over hours + late",IF(I20>1.25*H20,"Over hours",IF(L20>0,"Late","On track"))))
K21: =IF(I21="","",I21*J21) | L21: =IF(F21="","",IF(G21<>"",MAX(0,G21-F21),IF(TODAY()>F21,TODAY()-F21,0))) | M21: =IF(B21="","",IF(AND(I21>1.25*H21,L21>0),"Over hours + late",IF(I21>1.25*H21,"Over hours",IF(L21>0,"Late","On track"))))
K22: =IF(I22="","",I22*J22) | L22: =IF(F22="","",IF(G22<>"",MAX(0,G22-F22),IF(TODAY()>F22,TODAY()-F22,0))) | M22: =IF(B22="","",IF(AND(I22>1.25*H22,L22>0),"Over hours + late",IF(I22>1.25*H22,"Over hours",IF(L22>0,"Late","On track"))))
K23: =IF(I23="","",I23*J23) | L23: =IF(F23="","",IF(G23<>"",MAX(0,G23-F23),IF(TODAY()>F23,TODAY()-F23,0))) | M23: =IF(B23="","",IF(AND(I23>1.25*H23,L23>0),"Over hours + late",IF(I23>1.25*H23,"Over hours",IF(L23>0,"Late","On track"))))
K24: =IF(I24="","",I24*J24) | L24: =IF(F24="","",IF(G24<>"",MAX(0,G24-F24),IF(TODAY()>F24,TODAY()-F24,0))) | M24: =IF(B24="","",IF(AND(I24>1.25*H24,L24>0),"Over hours + late",IF(I24>1.25*H24,"Over hours",IF(L24>0,"Late","On track"))))
K25: =IF(I25="","",I25*J25) | L25: =IF(F25="","",IF(G25<>"",MAX(0,G25-F25),IF(TODAY()>F25,TODAY()-F25,0))) | M25: =IF(B25="","",IF(AND(I25>1.25*H25,L25>0),"Over hours + late",IF(I25>1.25*H25,"Over hours",IF(L25>0,"Late","On track"))))
... K200: =IF(I200="","",I200*J200) | L200: =IF(F200="","",IF(G200<>"",MAX(0,G200-F200),IF(TODAY()>F200,TODAY()-F200,0))) | M200: =IF(B200="","",IF(AND(I200>1.25*H200,L200>0),"Over hours + late",IF(I200>1.25*H200,"Over hours",IF(L200>0,"Late","On track"))))

Sheet Inventory
A1: SKU | B1: Item | C1: Category | D1: Status | E1: On Hand | F1: Reorder Level | G1: Unit Cost | H1: Last Restock | I1: Restock Due | J1: Stock Value | K1: Days Overdue | L1: Performance Flag
A2: SKU-001 | B2: Shipping box M | C2: Packaging | D2: Active | E2: 420 | F2: 200 | G2: 0.85 | H2: 46254 | I2: 46296 | J2: =IF(E2="","",E2*G2) | K2: =IF(I2="","",IF(AND(D2<>"Discontinued",TODAY()>I2),TODAY()-I2,0)) | L2: =IF(B2="","",IF(D2="Discontinued","Retire",IF(E2<=F2,"Reorder now",IF(K2>0,"Restock overdue","OK"))))
A3: SKU-002 | B3: Bubble wrap roll | C3: Packaging | D3: Active | E3: 35 | F3: 40 | G3: 12.5 | H3: 46235 | I3: 46285 | J3: =IF(E3="","",E3*G3) | K3: =IF(I3="","",IF(AND(D3<>"Discontinued",TODAY()>I3),TODAY()-I3,0)) | L3: =IF(B3="","",IF(D3="Discontinued","Retire",IF(E3<=F3,"Reorder now",IF(K3>0,"Restock overdue","OK"))))
A4: SKU-003 | B4: Label printer | C4: Hardware | D4: Active | E4: 4 | F4: 2 | G4: 189 | H4: 46183 | I4: 46357 | J4: =IF(E4="","",E4*G4) | K4: =IF(I4="","",IF(AND(D4<>"Discontinued",TODAY()>I4),TODAY()-I4,0)) | L4: =IF(B4="","",IF(D4="Discontinued","Retire",IF(E4<=F4,"Reorder now",IF(K4>0,"Restock overdue","OK"))))
A5: SKU-004 | B5: Thermal labels | C5: Consumables | D5: Active | E5: 60 | F5: 80 | G5: 6.2 | H5: 46262 | I5: 46283 | J5: =IF(E5="","",E5*G5) | K5: =IF(I5="","",IF(AND(D5<>"Discontinued",TODAY()>I5),TODAY()-I5,0)) | L5: =IF(B5="","",IF(D5="Discontinued","Retire",IF(E5<=F5,"Reorder now",IF(K5>0,"Restock overdue","OK"))))
A6: SKU-005 | B6: Barcode scanner | C6: Hardware | D6: Backorder | E6: 1 | F6: 3 | G6: 145 | H6: 46157 | I6: 46275 | J6: =IF(E6="","",E6*G6) | K6: =IF(I6="","",IF(AND(D6<>"Discontinued",TODAY()>I6),TODAY()-I6,0)) | L6: =IF(B6="","",IF(D6="Discontinued","Retire",IF(E6<=F6,"Reorder now",IF(K6>0,"Restock overdue","OK"))))
A7: SKU-006 | B7: Packing tape | C7: Consumables | D7: Active | E7: 150 | F7: 100 | G7: 1.9 | H7: 46266 | I7: 46327 | J7: =IF(E7="","",E7*G7) | K7: =IF(I7="","",IF(AND(D7<>"Discontinued",TODAY()>I7),TODAY()-I7,0)) | L7: =IF(B7="","",IF(D7="Discontinued","Retire",IF(E7<=F7,"Reorder now",IF(K7>0,"Restock overdue","OK"))))
A8: SKU-007 | B8: Logo tote bag | C8: Merchandise | D8: Active | E8: 210 | F8: 120 | G8: 2.4 | H8: 46223 | I8: 46346 | J8: =IF(E8="","",E8*G8) | K8: =IF(I8="","",IF(AND(D8<>"Discontinued",TODAY()>I8),TODAY()-I8,0)) | L8: =IF(B8="","",IF(D8="Discontinued","Retire",IF(E8<=F8,"Reorder now",IF(K8>0,"Restock overdue","OK"))))
A9: SKU-008 | B9: Mug (white) | C9: Merchandise | D9: Discontinued | E9: 18 | F9: 0 | G9: 3.1 | H9: 46084 | J9: =IF(E9="","",E9*G9) | K9: =IF(I9="","",IF(AND(D9<>"Discontinued",TODAY()>I9),TODAY()-I9,0)) | L9: =IF(B9="","",IF(D9="Discontinued","Retire",IF(E9<=F9,"Reorder now",IF(K9>0,"Restock overdue","OK"))))
A10: SKU-009 | B10: Mailer envelope | C10: Packaging | D10: Active | E10: 90 | F10: 150 | G10: 0.32 | H10: 46259 | I10: 46287 | J10: =IF(E10="","",E10*G10) | K10: =IF(I10="","",IF(AND(D10<>"Discontinued",TODAY()>I10),TODAY()-I10,0)) | L10: =IF(B10="","",IF(D10="Discontinued","Retire",IF(E10<=F10,"Reorder now",IF(K10>0,"Restock overdue","OK"))))
A11: SKU-010 | B11: USB hub | C11: Hardware | D11: Active | E11: 12 | F11: 5 | G11: 22 | H11: 46205 | I11: 46371 | J11: =IF(E11="","",E11*G11) | K11: =IF(I11="","",IF(AND(D11<>"Discontinued",TODAY()>I11),TODAY()-I11,0)) | L11: =IF(B11="","",IF(D11="Discontinued","Retire",IF(E11<=F11,"Reorder now",IF(K11>0,"Restock overdue","OK"))))
A12: SKU-011 | B12: Gloves (box) | C12: Consumables | D12: Backorder | E12: 5 | F12: 10 | G12: 8.75 | H12: 46239 | I12: 46270 | J12: =IF(E12="","",E12*G12) | K12: =IF(I12="","",IF(AND(D12<>"Discontinued",TODAY()>I12),TODAY()-I12,0)) | L12: =IF(B12="","",IF(D12="Discontinued","Retire",IF(E12<=F12,"Reorder now",IF(K12>0,"Restock overdue","OK"))))
A13: SKU-012 | B13: Sticker sheet | C13: Merchandise | D13: Active | E13: 300 | F13: 250 | G13: 0.18 | H13: 46273 | I13: 46357 | J13: =IF(E13="","",E13*G13) | K13: =IF(I13="","",IF(AND(D13<>"Discontinued",TODAY()>I13),TODAY()-I13,0)) | L13: =IF(B13="","",IF(D13="Discontinued","Retire",IF(E13<=F13,"Reorder now",IF(K13>0,"Restock overdue","OK"))))
J14: =IF(E14="","",E14*G14) | K14: =IF(I14="","",IF(AND(D14<>"Discontinued",TODAY()>I14),TODAY()-I14,0)) | L14: =IF(B14="","",IF(D14="Discontinued","Retire",IF(E14<=F14,"Reorder now",IF(K14>0,"Restock overdue","OK"))))
J15: =IF(E15="","",E15*G15) | K15: =IF(I15="","",IF(AND(D15<>"Discontinued",TODAY()>I15),TODAY()-I15,0)) | L15: =IF(B15="","",IF(D15="Discontinued","Retire",IF(E15<=F15,"Reorder now",IF(K15>0,"Restock overdue","OK"))))
J16: =IF(E16="","",E16*G16) | K16: =IF(I16="","",IF(AND(D16<>"Discontinued",TODAY()>I16),TODAY()-I16,0)) | L16: =IF(B16="","",IF(D16="Discontinued","Retire",IF(E16<=F16,"Reorder now",IF(K16>0,"Restock overdue","OK"))))
J17: =IF(E17="","",E17*G17) | K17: =IF(I17="","",IF(AND(D17<>"Discontinued",TODAY()>I17),TODAY()-I17,0)) | L17: =IF(B17="","",IF(D17="Discontinued","Retire",IF(E17<=F17,"Reorder now",IF(K17>0,"Restock overdue","OK"))))
J18: =IF(E18="","",E18*G18) | K18: =IF(I18="","",IF(AND(D18<>"Discontinued",TODAY()>I18),TODAY()-I18,0)) | L18: =IF(B18="","",IF(D18="Discontinued","Retire",IF(E18<=F18,"Reorder now",IF(K18>0,"Restock overdue","OK"))))
J19: =IF(E19="","",E19*G19) | K19: =IF(I19="","",IF(AND(D19<>"Discontinued",TODAY()>I19),TODAY()-I19,0)) | L19: =IF(B19="","",IF(D19="Discontinued","Retire",IF(E19<=F19,"Reorder now",IF(K19>0,"Restock overdue","OK"))))
J20: =IF(E20="","",E20*G20) | K20: =IF(I20="","",IF(AND(D20<>"Discontinued",TODAY()>I20),TODAY()-I20,0)) | L20: =IF(B20="","",IF(D20="Discontinued","Retire",IF(E20<=F20,"Reorder now",IF(K20>0,"Restock overdue","OK"))))
J21: =IF(E21="","",E21*G21) | K21: =IF(I21="","",IF(AND(D21<>"Discontinued",TODAY()>I21),TODAY()-I21,0)) | L21: =IF(B21="","",IF(D21="Discontinued","Retire",IF(E21<=F21,"Reorder now",IF(K21>0,"Restock overdue","OK"))))
J22: =IF(E22="","",E22*G22) | K22: =IF(I22="","",IF(AND(D22<>"Discontinued",TODAY()>I22),TODAY()-I22,0)) | L22: =IF(B22="","",IF(D22="Discontinued","Retire",IF(E22<=F22,"Reorder now",IF(K22>0,"Restock overdue","OK"))))
J23: =IF(E23="","",E23*G23) | K23: =IF(I23="","",IF(AND(D23<>"Discontinued",TODAY()>I23),TODAY()-I23,0)) | L23: =IF(B23="","",IF(D23="Discontinued","Retire",IF(E23<=F23,"Reorder now",IF(K23>0,"Restock overdue","OK"))))
J24: =IF(E24="","",E24*G24) | K24: =IF(I24="","",IF(AND(D24<>"Discontinued",TODAY()>I24),TODAY()-I24,0)) | L24: =IF(B24="","",IF(D24="Discontinued","Retire",IF(E24<=F24,"Reorder now",IF(K24>0,"Restock overdue","OK"))))
J25: =IF(E25="","",E25*G25) | K25: =IF(I25="","",IF(AND(D25<>"Discontinued",TODAY()>I25),TODAY()-I25,0)) | L25: =IF(B25="","",IF(D25="Discontinued","Retire",IF(E25<=F25,"Reorder now",IF(K25>0,"Restock overdue","OK"))))
... J200: =IF(E200="","",E200*G200) | K200: =IF(I200="","",IF(AND(D200<>"Discontinued",TODAY()>I200),TODAY()-I200,0)) | L200: =IF(B200="","",IF(D200="Discontinued","Retire",IF(E200<=F200,"Reorder now",IF(K200>0,"Restock overdue","OK"))))

Sheet Lists
A1: Project Category | B1: Project Status | C1: Service Type | D1: Service Status | E1: Inventory Category | F1: Inventory Status
A2: Website | B2: Planned | C2: Onboarding | D2: Open | E2: Packaging | F2: Active
A3: Marketing | B3: In Progress | C3: Support | D3: Waiting Client | E3: Hardware | F3: Backorder
A4: Operations | B4: Done | C4: Billing | D4: Resolved | E4: Consumables | F4: Discontinued
A5: Finance | B5: On Hold | C5: Change Request | D5: Closed | E5: Merchandise
A6: IT
